Peptides, PeptideUnique, RateConstants, Correlations, RootMeanRSS, AbsoluteIsotopeError, Charge, m/z(Sequence), NEH, Abundance, NDP, Rsquared,sigma,CI lower band, CI upper band
KVSLELGGK, Yes, 0.34199, 0.984916, 0.018619, 0.041384,  2,   465.78456,  13, 124410512.000000, 9.000000, 0.957309, 0.035079, 0.261096, 0.422882
GQALPEVVAK, Yes, 2.32638, 0.942662, 0.048898, 0.031825,  2,   506.29529,  22, 1338648576.000000, 8.000000, 0.645832, 1.955501, 1.185676, 3.467093
IGFTGSTEVGK, Yes, 0.37250, 0.965410, 0.020820, 0.034150,  2,   548.28768,  15, 2010212992.000000, 9.000000, 0.939229, 0.042668, 0.274107, 0.470889
TDVAAPFGGFK, Yes, 16.88732, 0.604115, 0.129115, 0.025621,  2,   555.28494,  18, 2685122560.000000, 9.000000, 0.424509, 8598630.000000, 14.904360, 18.870279
EAFENGLWGK, Yes, 0.53766, 0.986195, 0.017827, 0.035151,  2,   575.78000,  19, 1023075328.000000, 9.000000, 0.967162, 0.052861, 0.415762, 0.659559
AGLILFGNDDR, Yes, 0.46448, 0.982966, 0.019889, 0.036321,  2,   595.81184,  19, 2011136640.000000, 9.000000, 0.959196, 0.049289, 0.350821, 0.578143
KIGFTGSTEVGK, Yes, 0.39354, 0.800289, 0.046633, 0.028430,  2,   612.33516,  16, 455121632.000000, 9.000000, 0.326173, 0.140685, 0.069117, 0.717959
FADGDVDAVLSR, Yes, 0.52649, 0.980135, 0.028343, 0.009338,  2,   632.81205,  23, 3391977472.000000, 9.000000, 0.938551, 0.076163, 0.350854, 0.702117
THVGMSIQTFR, Yes, 0.35844, 0.980056, 0.016476, 0.081590,  2,   638.82698,  18, 494716800.000000, 9.000000, 0.933583, 0.037036, 0.273038, 0.443848
DLGEAALNEYLR, Yes, 0.47213, 0.983123, 0.021944, 0.032137,  2,   682.34623,  27, 2542990336.000000, 9.000000, 0.959752, 0.049674, 0.357586, 0.586682
EESFGPIMIISR, Yes, 0.35483, 0.697292, 0.072953, 0.033004,  2,   689.85538,  25, 3044263936.000000, 9.000000, 0.204603, 0.151072, 0.006456, 0.703201
EESFGPImIISR, Yes, 0.05064, 0.088695, 0.104453, 0.157880,  2,   697.85284,  25, 1031903104.000000, 9.000000, -0.752774, 0.029716, 0.000000, 3.070012
AVQMGMSSVFFNK, Yes, 0.24137, 0.974216, 0.018378, 0.113778,  2,   723.34942,  21, 1338384128.000000, 9.000000, 0.937287, 0.027274, 0.178475, 0.304265
LQAGTVFVNTYNK, Yes, 0.41082, 0.980196, 0.013692, 0.021832,  2,   727.88554,  17, 2588733184.000000, 9.000000, 0.956490, 0.040126, 0.318289, 0.503350
AVQMGmSSVFFNK, Yes, 1.60035, 0.785751, 0.072598, 0.931288,  2,   731.34688,  21, 81411736.000000, 9.000000, 0.657559, 1.203245, 0.361718, 2.838989
GASAINWTLIHGDK, Yes, 0.40767, 0.992640, 0.010205, 0.068666,  2,   741.88861,  24, 316039328.000000, 9.000000, 0.983640, 0.023167, 0.354248, 0.461096
GASAINWTLIHGDK, Yes, 0.39193, 0.970062, 0.025756, 0.029137,  3,   494.92816,  24, 446720000.000000, 9.000000, 0.860353, 0.064008, 0.244333, 0.539537
HGSIIYHPSLLPR, Yes, 0.25521, -0.037130, 0.140773, 0.023097,  3,   497.28065,  25, 5835166208.000000, 9.000000, -0.412957, 0.169363, 0.000000, 3.071126
HGSIIYHPSLLPR, Yes, 0.24247, 0.988227, 0.013821, 0.081373,  2,   745.41733,  25, 662512832.000000, 9.000000, 0.962245, 0.018104, 0.200726, 0.284221
SPLIIFADcDLNK, Yes, 0.39966, 0.988592, 0.014416, 0.015661,  2,   753.38705,  20, 2033046016.000000, 9.000000, 0.967501, 0.035558, 0.317663, 0.481656
ANATEFGLASGVFTR, Yes, 0.36094, 0.988958, 0.013739, 0.059561,  2,   770.89135,  30, 2632301312.000000, 9.000000, 0.974767, 0.024603, 0.304205, 0.417674
ANATEFGLASGVFTR, Yes, 0.24040, 0.974687, 0.025190, 0.103638,  3,   514.26333,  30, 56615592.000000, 9.000000, 0.946939, 0.023323, 0.186616, 0.294182
GVVNILPGSGSLVGQR, Yes, 0.26239, 0.989886, 0.013231, 0.054243,  3,   518.29838,  29, 247631728.000000, 9.000000, 0.974936, 0.017561, 0.221899, 0.302890
GASAINWTLIHGDKK, Yes, 0.44475, 0.974029, 0.027024, 0.064826,  3,   537.62648,  25, 535763616.000000, 8.000000, 0.755360, 0.113232, 0.176996, 0.712499
GASAINWTLIHGDKK, Yes, 0.38062, 0.974998, 0.017838, 0.050820,  2,   805.93609,  25, 341667456.000000, 9.000000, 0.949691, 0.038688, 0.291401, 0.469829
IQGATIPINQARPNR, Yes, 0.29045, 0.987990, 0.013640, 0.027964,  2,   824.96570,  36, 246419680.000000, 8.000000, 0.984568, 0.014772, 0.255520, 0.325382
RPQPEEGATYEGIQK, Yes, 0.09906, 0.422503, 0.082679, 0.027766,  3,   568.28467,  38, 2663030272.000000, 9.000000, -0.941272, 0.040221, 0.006309, 0.191809
RPQPEEGATYEGIQK, Yes, 0.32724, 0.981945, 0.018756, 0.020798,  2,   851.92337,  38, 644260096.000000, 9.000000, 0.882116, 0.044765, 0.224015, 0.430473
LFVEDSIHDQFVQK, Yes, 0.44381, 0.992578, 0.010596, 0.042753,  3,   568.95791,  25, 863290112.000000, 9.000000, 0.982859, 0.028675, 0.377688, 0.509935
LFVEDSIHDQFVQK, Yes, 0.37939, 0.986081, 0.012880, 0.056894,  2,   852.93322,  25, 680662912.000000, 9.000000, 0.971239, 0.029704, 0.310891, 0.447884
GNDKVPGAWTEAcGQK, Yes, 0.41911, 0.987892, 0.016824, 0.005198,  2,   859.40176,  31, 627001088.000000, 9.000000, 0.968029, 0.037316, 0.333058, 0.505159
GEDGESEcVINYVEK, Yes, 0.41171, 0.990729, 0.014482, 0.035634,  2,   864.37507,  31, 459402080.000000, 9.000000, 0.974895, 0.031586, 0.338876, 0.484550
ADPLGLEAEKDGVPVFK, Yes, 0.39585, 0.988296, 0.016336, 0.027720,  2,   892.97508,  32, 505588544.000000, 9.000000, 0.967976, 0.035470, 0.314051, 0.477640
EGHEVVGVFTIPDKDGK, Yes, 0.38944, 0.977656, 0.017618, 0.026824,  3,   609.64763,  27, 461247488.000000, 7.000000, 0.954263, 0.046838, 0.274832, 0.504049
EGHEVVGVFTIPDKDGK, Yes, 0.38663, 0.991015, 0.011119, 0.029971,  2,   913.96780,  27, 198528928.000000, 8.000000, 0.979992, 0.025807, 0.325610, 0.447658
RPQPEEGATYEGIQKK, Yes, 0.10195, 0.864945, 0.050085, 0.109582,  2,   915.97085,  39, 10021622.000000, 8.000000, 0.800676, 0.022299, 0.049220, 0.154675
RPQPEEGATYEGIQKK, Yes, 0.32103, 0.984112, 0.015932, 0.061090,  4,   458.48906,  39, 68733640.000000, 9.000000, 0.935074, 0.033621, 0.243499, 0.398559
RPQPEEGATYEGIQKK, Yes, 0.41595, 0.964647, 0.024172, 0.029905,  3,   610.98299,  39, 192717072.000000, 9.000000, 0.943789, 0.044015, 0.314452, 0.517452
ILPNVPEVEDSTDFFK, Yes, 0.39452, 0.986111, 0.011909, 0.027721,  2,   925.46455,  25, 4041539584.000000, 9.000000, 0.970552, 0.031790, 0.321213, 0.467829
ILPNVPEVEDSTDFFK, Yes, 0.24297, 0.967146, 0.021547, 0.037963,  3,   617.31213,  25, 230878448.000000, 9.000000, 0.846678, 0.039492, 0.151900, 0.334036
EcDVLPDDTVSTLYNR, Yes, 0.41676, 0.986854, 0.016264, 0.017924,  2,   948.93583,  24, 1931579392.000000, 9.000000, 0.955804, 0.045310, 0.312272, 0.521243
KEGHEVVGVFTIPDKDGK, Yes, 0.36497, 0.980283, 0.019213, 0.146117,  2,   978.01528,  28, 50155164.000000, 9.000000, 0.879737, 0.061246, 0.223739, 0.506208
KEGHEVVGVFTIPDKDGK, Yes, 0.29867, 0.975931, 0.015236, 0.066394,  3,   652.34594,  28, 196794848.000000, 9.000000, 0.850881, 0.046003, 0.192588, 0.404756
KEGHEVVGVFTIPDKDGK, Yes, 0.52808, 0.953898, 0.024584, 0.017437,  4,   489.51128,  28, 318140576.000000, 9.000000, 0.935071, 0.076363, 0.351988, 0.704177
LRGEDGESEcVINYVEK, Yes, 0.27780, 0.992463, 0.009561, 0.019668,  2,   998.96765,  35, 203996816.000000, 9.000000, 0.983329, 0.014541, 0.244266, 0.311328
LRGEDGESEcVINYVEK, Yes, 0.31859, 0.813930, 0.044951, 0.044131,  3,   666.31419,  35, 507927840.000000, 9.000000, 0.434192, 0.089424, 0.112375, 0.524800
IAVIGQSLFGQEVYcQLR, Yes, 0.39783, 0.977082, 0.022601, 0.035167,  2,  1041.04605,  36, 405981216.000000, 9.000000, 0.733256, 0.076803, 0.220717, 0.574934
IAVIGQSLFGQEVYcQLR, Yes, 0.92935, 0.953638, 0.024374, 0.215984,  3,   694.36646,  36, 254110544.000000, 9.000000, 0.711367, 0.294905, 0.249302, 1.609407
KLRGEDGESEcVINYVEK, Yes, 0.36269, 0.986703, 0.012696, 0.051235,  3,   709.01251,  35, 721767808.000000, 9.000000, 0.393656, 0.129393, 0.064307, 0.661070
GSASSALELTEEELATAEAVR, Yes, 0.33502, 0.992205, 0.011854, 0.038523,  3,   712.02183,  55, 957869312.000000, 9.000000, 0.979381, 0.019984, 0.288940, 0.381105
GSASSALELTEEELATAEAVR, Yes, 0.32986, 0.993704, 0.010160, 0.014976,  2,  1067.52911,  55, 1118816512.000000, 9.000000, 0.985750, 0.016530, 0.291741, 0.367975
ETAMINWDQPAEAIHNWIR, Yes, 0.23597, 0.967888, 0.015598, 0.062637,  2,  1148.05237,  42, 329862144.000000, 9.000000, 0.527339, 0.057989, 0.102247, 0.369692
ETAMINWDQPAEAIHNWIR, Yes, 0.30537, 0.993266, 0.007675, 0.024116,  3,   765.70401,  42, 1455204224.000000, 9.000000, 0.984041, 0.016428, 0.267484, 0.343250
ETAmINWDQPAEAIHNWIR, Yes, 0.05664, 0.336681, 0.064761, 0.068564,  3,   771.03565,  42, 89458000.000000, 9.000000, -0.433047, 0.026600, 0.000000, 3.075737
ETAmINWDQPAEAIHNWIR, Yes, 0.25749, 0.979356, 0.012557, 0.064959,  2,  1156.04983,  42, 23465392.000000, 7.000000, 0.826119, 0.034335, 0.173475, 0.341505
AVQMGMSSVFFNKGENcIAAGR, Yes, 0.19225, 0.779548, 0.039354, 0.119895,  3,   792.04154,  45, 177841568.000000, 9.000000, 0.298575, 0.054092, 0.067511, 0.316985
IGNPLDRDTNHGPQNHEAHLR, Yes, 0.08011, -0.144426, 0.084054, 0.077533,  3,   797.72687,  48, 59289520.000000, 9.000000, -1.724383, 0.053413, 0.000000, 3.331335
KETAMINWDQPAEAIHNWIR, Yes, 0.28331, 0.931557, 0.041642, 0.134618,  4,   606.55356,  43, 105480400.000000, 8.000000, -0.016862, 0.177182, 0.000000, 3.322706
KETAMINWDQPAEAIHNWIR, Yes, 0.00962, 0.937435, 0.010183, 0.445295,  2,  1212.09985,  43, 9827599.000000, 4.000000, 0.202454, 0.006380, 0.000000, 3.514947
KETAMINWDQPAEAIHNWIR, Yes, 0.00784, 0.300938, 0.067999, 0.312094,  3,   808.40233,  43, 132364872.000000, 9.000000, 0.059573, 0.009317, 0.000000, 4.141932
LTLQMPYQLFIGGEFVDAEGAK, Yes, 6.67528, 0.920219, 0.024865, 0.203156,  3,   809.74700,  40, 17840840.000000, 9.000000, 0.725893, 128.818283, 5.634424, 7.716127
LTLQMPYQLFIGGEFVDAEGAK, Yes, 0.63293, 0.864567, 0.030197, 0.062544,  2,  1214.11686,  40, 56032696.000000, 9.000000, 0.269596, 0.224722, 0.114719, 1.151139
TAAcLAAGNTVVIKPAQVTPLTALK, Yes, 0.28737, 0.977321, 0.013153, 0.032233,  3,   836.81212,  45, 395200992.000000, 9.000000, 0.944535, 0.026524, 0.226204, 0.348533
TAAcLAAGNTVVIKPAQVTPLTALK, Yes, 0.25207, 0.978146, 0.013698, 0.114788,  2,  1254.71454,  45, 113023720.000000, 9.000000, 0.935018, 0.024016, 0.196692, 0.307456
KLTLQMPYQLFIGGEFVDAEGAK, Yes, 0.13898, 0.888880, 0.029446, 0.046849,  3,   852.44532,  41, 166437456.000000, 9.000000, 0.191896, 0.033720, 0.061222, 0.216737
KLTLQMPYQLFIGGEFVDAEGAK, Yes, 0.16917, 0.658148, 0.038792, 0.080479,  2,  1278.16434,  41, 101233976.000000, 9.000000, -0.397293, 0.051911, 0.049467, 0.288879
EPVGVcGIVIPWNYPLMMLSWK, Yes, 0.28322, 0.908212, 0.021758, 0.136347,  3,   863.77373,  30, 2407310.250000, 9.000000, 0.234548, 0.072640, 0.115711, 0.450729
EPVGVcGIVIPWNYPLMMLSWK, Yes, 0.27783, 0.769781, 0.022546, 0.163998,  2,  1295.15696,  30, 1935197.500000, 8.000000, 0.258044, 0.081730, 0.084564, 0.471088
KEPVGVcGIVIPWNYPLMMLSWK, Yes, 0.07648, 0.250770, 0.037286, 0.082821,  3,   906.47205,  30, 148649120.000000, 9.000000, -0.408585, 0.045023, 0.000000, 3.203182
KEPVGVcGIVIPWNYPLMMLSWK, Yes, 0.27147, 0.740513, 0.023823, 0.172319,  2,  1359.20444,  30, 10123476.000000, 9.000000, -0.446430, 0.089680, 0.064671, 0.478274
KEPVGVcGIVIPWNYPLMmLSWK, Yes, 0.31798, 0.802829, 0.022473, 0.101039,  3,   911.80369,  30, 183732288.000000, 9.000000, 0.464852, 0.077377, 0.139554, 0.496415
KEPVGVcGIVIPWNYPLMmLSWK, Yes, 0.21462, 0.665655, 0.027277, 0.110646,  2,  1367.20189,  30, 12937127.000000, 8.000000, -0.074307, 0.077869, 0.030491, 0.398751
TYSTINPTDGSVIcQVSLAQVSDVDK, Yes, 0.35275, 0.953824, 0.014956, 0.027957,  3,   933.12354,  42, 281700448.000000, 9.000000, 0.887973, 0.044441, 0.250264, 0.455228
YQALGAELNVLPFcSQFIPMEVINAPR, Yes, 0.19198, 0.789262, 0.022671, 0.027883,  3,  1026.52441,  56, 208008096.000000, 9.000000, -0.554713, 0.058201, 0.057765, 0.326187
YQALGAELNVLPFcSQFIPmEVINAPR, Yes, 0.26565, 0.937676, 0.016273, 0.052984,  3,  1031.85605,  56, 23713218.000000, 9.000000, 0.780332, 0.046657, 0.158062, 0.373247
LADLMEQHQEELATIEALDAGAVYTLALK, Yes, 0.06449, 0.521501, 0.032673, 0.211431,  4,   789.90877,  64, 25335608.000000, 9.000000, -0.459791, 0.023653, 0.009950, 0.119037
LADLMEQHQEELATIEALDAGAVYTLALK, Yes, 0.18432, 0.660645, 0.031818, 0.090315,  3,  1052.87593,  64, 170524272.000000, 9.000000, -0.757423, 0.059252, 0.047682, 0.320955
LADLmEQHQEELATIEALDAGAVYTLALK, Yes, 0.00000, -2.000000, 0.094432, 0.161333,  3,  1058.20757,  64, 47652480.000000, 9.000000, -0.019507, 0.020629, 0.000000, 5.217668
LTFFNSTLNTSGLVAQGEALPIPGAHRPGLVTK, Yes, 0.24385, 0.985993, 0.006794, 0.025859,  4,   852.46750,  58, 940204992.000000, 9.000000, 0.964059, 0.018467, 0.201269, 0.286439
LTFFNSTLNTSGLVAQGEALPIPGAHRPGLVTK, Yes, 0.24039, 0.986138, 0.006878, 0.048157,  3,  1136.28757,  58, 332479648.000000, 9.000000, 0.962306, 0.018362, 0.198042, 0.282729
EGATLVcGGNQVPRPGFFFQPTVFTDVEDHMYIAK, Yes, 0.06029, 0.736468, 0.016437, 0.150996,  3,  1309.96597,  61, 33793880.000000, 7.000000, -0.580971, 0.028646, 0.000000, 3.367281
EGATLVcGGNQVPRPGFFFQPTVFTDVEDHMYIAK, Yes, 0.15434, 0.953424, 0.007864, 0.050827,  4,   982.72629,  61, 118684720.000000, 9.000000, 0.664368, 0.031964, 0.080634, 0.228051
SPLIIFADcDLNK, Yes, 0.31495, 0.969257, 0.018643, 0.333667,  3,   502.59379,  20, 49869176.000000, 9.000000, 0.937318, 0.034986, 0.234278, 0.395632
GASAINWTLIHGDKK, Yes, 0.30075, 0.865184, 0.047608, 0.155806,  4,   403.47168,  25, 312003712.000000, 8.000000, 0.717899, 0.064892, 0.147303, 0.454192
GGFTIFWADDGLDTGDLLLQK, Yes, 0.07981, 0.495476, 0.049264, 0.170970,  3,   761.38284,  28, 98110056.000000, 9.000000, 0.099430, 0.033638, 0.002239, 0.157376
EGHEVVGVFTIPDKDGK, Yes, 0.35079, 0.907410, 0.048876, 0.695471,  4,   457.48754,  27, 178081264.000000, 6.000000, 0.649155, 0.122863, 0.034958, 0.666616
IGNPLDRDTNHGPQNHEAHLR, Yes, 0.36762, 0.967243, 0.017592, 1.129385,  6,   399.36707,  48, 260654432.000000, 8.000000, 0.981206, 0.021598, 0.316544, 0.418687
FAELTLK, Yes, 0.42788, 0.930720, 0.029009, 0.782912,  2,   411.24199,  10, 1505455744.000000, 9.000000, 0.908799, 0.071457, 0.263103, 0.592662
GVVNILPGSGSLVGQR, Yes, 0.30885, 0.989218, 0.013403, 0.020477,  2,   776.94393,  29, 4871861248.000000, 9.000000, 0.974339, 0.020628, 0.261280, 0.356417
GGFTIFWADDGLDTGDLLLQK, Yes, 0.30732, 0.859068, 0.028367, 0.528069,  2,  1141.57062,  28, 59967488.000000, 9.000000, 0.209974, 0.098668, 0.079788, 0.534845
GNDKVPGAWTEAcGQK, Yes, 0.08347, 0.477199, 0.202134, 0.018541,  3,   573.27027,  31, 2205578496.000000, 6.000000, 0.089568, 0.125156, 0.000000, 3.194376
AVQMGMSSVFFNKGENcIAAGR, Yes, 0.02397, 1.000000, 0.013012, 0.212638,  2,  1187.55867,  45, 108193824.000000, 3.000000, 0.340546, 0.029044, 0.000000, 5.530462
YQALGAELNVLPFcSQFIPMEVINAPR, Yes, 0.03228, 0.461042, 0.067114, 0.054954,  4,   770.14513,  56, 7231496.000000, 7.000000, 0.188930, 0.026784, 0.000000, 3.444530
ADPLGLEAEKDGVPVFK, Yes, 0.43058, 0.986323, 0.015826, 0.021266,  3,   595.65248,  32, 1033358272.000000, 9.000000, 0.968668, 0.037921, 0.343133, 0.518023
EcDVLPDDTVSTLYNR, Yes, 0.39964, 0.993056, 0.012504, 0.045633,  3,   632.95965,  24, 313947040.000000, 5.000000, 0.976995, 0.038792, 0.291933, 0.507342
TYSTINPTDGSVIcQVSLAQVSDVDKAVAAAK, Yes, 0.00000, -2.000000, 0.224607, 0.013720,  3,  1103.56081,  59, 288326560.000000, 9.000000, -0.054297, 0.047661, 0.000000, 7.870527
KLRGEDGESEcVINYVEK, Yes, 0.29844, 0.983538, 0.030149, 0.027964,  2,  1063.01513,  35, 243323440.000000, 8.000000, -0.467090, 0.212981, 0.000000, 3.263376
EESFGPIMIISR, Yes, 0.15897, 0.865249, 0.050408, 0.078906,  3,   460.23935,  25, 9018179.000000, 8.000000, 0.641796, 0.041511, 0.060808, 0.257123


MeanRateConst/CorrCutOff, 0.350784, 0.900000


MedianRateConst/RMSSCutOff, 0.358443, 0.050000
StandDev/NumberPeptides, 0.033144, 60
TotalIonCurrent, 4.43777e+12
