Protein,Peptide,Charge,NEH,k_old_methold,Rsquared_old_methold,k_new_methold,Rsquared_new_methold
ALBU_MOUSE,KQTALAELVK,2,18,0.35809,0.949446,0.27957542019775206,0.9005467768647564
ALBU_MOUSE,LVQEVTDFAK,2,16,0.5819,0.934751,0.3594864843762041,0.578921395979402
ALBU_MOUSE,HPDYSVSLLLR,2,18,0.7531,0.868981,0.36392760391837425,0.637278400933996
ALBU_MOUSE,YMcENQATISSK,2,23,0.38452,0.967152,0.32394209669626806,0.8862111660598403
ALBU_MOUSE,APQVSTPTLVEAAR,2,33,0.2701,0.930405,0.2696000308286213,0.9303036164422536
ALBU_MOUSE,ENYGELADccTK,2,22,0.46184,0.918319,0.44273854949349467,0.7141130607681512
ALBU_MOUSE,LGEYGFQNAILVR,2,24,0.43038,0.962383,0.31371425004515147,0.8968741050675244
ALBU_MOUSE,GLVLIAFSQYLQK,2,21,0.68152,0.910825,0.3765117913519979,0.890709785676635
ALBU_MOUSE,LPcVEDYLSAILNR,3,25,0.32395,0.976384,0.28844793044461126,0.856350238604709
ALBU_MOUSE,LPcVEDYLSAILNR,2,25,0.41887,0.925778,0.3458117058466642,0.8599249515642775
ALBU_MOUSE,LSQTFPNADFAEITK,2,28,0.3452,0.977866,0.28656581987204516,0.8961687356974952
ALBU_MOUSE,EccHGDLLEcADDR,2,32,0.30192,0.888976,0.40053627555901017,0.7270870169592507
ALBU_MOUSE,TVMDDFAQFLDTccK,2,20,0.41475,0.907676,0.4028523183221706,0.7286174780165703
ALBU_MOUSE,TVMDDFAQFLDTccK,3,20,0.45062,0.881273,0.43143929809724335,0.7036735853239392
ALBU_MOUSE,TVmDDFAQFLDTccK,2,20,0.25163,0.858121,0.272844905714556,0.7971005396640671
ALBU_MOUSE,RPcFSALTVDETYVPK,2,26,0.28527,0.975358,0.26743349411805634,0.8989304305704702
ALBU_MOUSE,AETFTFHSDIcTLPEK,3,26,0.32284,0.88048,0.3010303543352419,0.8899506183188821
ALBU_MOUSE,AETFTFHSDIcTLPEK,2,26,0.34386,0.804443,0.2570506131522734,0.9021643508282189
ALBU_MOUSE,ENPTTFMGHYLHEVAR,3,31,0.32074,0.941696,0.271431991601818,0.9519045056558852
ALBU_MOUSE,ENPTTFMGHYLHEVAR,2,31,0.34546,0.933629,0.2892010927118912,0.920042687810992
ALBU_MOUSE,ENPTTFMGHYLHEVAR,4,31,0.29562,0.95871,0.26422441958150705,0.9203631192366276
ALBU_MOUSE,ENPTTFmGHYLHEVAR,4,31,0.25468,0.936392,0.24032269723526709,0.7609290833404747
ALBU_MOUSE,AADKDTcFSTEGPNLVTR,2,32,0.36092,0.979398,0.327955306629739,0.8178259526581888
ALBU_MOUSE,VNKEccHGDLLEcADDR,3,34,0.29271,0.902805,0.38562336602781794,0.8139833837757866
ALBU_MOUSE,AETFTFHSDIcTLPEKEK,2,31,0.29153,0.965064,0.28114766319386825,0.8927359799679362
ALBU_MOUSE,EccHGDLLEcADDRAELAK,4,45,0.24348,0.919873,0.35533471745583156,0.7393703031307575
ALBU_MOUSE,EccHGDLLEcADDRAELAK,3,45,0.2312,0.903256,0.3316674008042258,0.8554762035627992
ALBU_MOUSE,EccHGDLLEcADDRAELAK,2,45,0.25882,0.921682,0.3675572136075267,0.7255150932785266
ALBU_MOUSE,DDNPSLPPFERPEAEAMcTSFK,3,49,0.26506,0.94522,0.2928652455949081,0.8640006982889623
ALBU_MOUSE,DDNPSLPPFERPEAEAMcTSFK,2,49,0.27429,0.972348,0.31327900494440225,0.8875430253669363
ALBU_MOUSE,VNKEccHGDLLEcADDRAELAK,2,48,0.19819,0.865749,0.24266402048646346,0.7906579552730842
ALBU_MOUSE,VNKEccHGDLLEcADDRAELAK,3,48,0.23467,0.883272,0.34845262068024657,0.8153693526088933
ALBU_MOUSE,ccAEANPPAcYGTVLAEFQPLVEEPK,3,58,0.1627,0.873052,0.3094067908573076,0.8824623193814939
ALBU_MOUSE,AHcLSEVEHDTMPADLPAIAADFVEDQEVcK,3,70,0.16361,0.958718,0.3235060950439307,0.8198739018089243
ALBU_MOUSE,AHcLSEVEHDTMPADLPAIAADFVEDQEVcK,4,70,0.16469,0.965168,0.32511925731241637,0.7675144249415011
ALBU_MOUSE,AHcLSEVEHDTmPADLPAIAADFVEDQEVcK,4,70,0.16102,0.893666,0.3249878775433778,0.923546821506414
ALBU_MOUSE,KAHcLSEVEHDTMPADLPAIAADFVEDQEVcK,4,70,0.17883,0.892314,0.32761670290124506,0.9376036200763621
ALBU_MOUSE,KAHcLSEVEHDTMPADLPAIAADFVEDQEVcK,5,70,0.17314,0.871664,0.33946581646786406,0.8507692135596869
ALBU_MOUSE,LGEYGFQNAILVR,3,24,0.286,0.862336,0.2924597256494612,0.8370246002595384
ALBU_MOUSE,EccHGDLLEcADDR,3,32,0.29441,0.919927,0.38456892049845914,0.6650600854372379
CH60_MOUSE,IGIEIIK,2,10,0.10982,0.967517,0.09716087054527946,0.9286823485659165
CH60_MOUSE,LSDGVAVLK,2,13,0.38917,0.90103,0.2232662530167148,0.7731596482249904
CH60_MOUSE,VGLQVVAVK,2,13,0.21881,0.971927,0.16018105341066136,0.9480477412815334
CH60_MOUSE,DIGNIISDAMK,2,19,0.19905,0.94471,0.1262741128747725,0.6572639231626569
CH60_MOUSE,NAGVEGSLIVEK,2,23,0.16178,0.921982,0.14449921138286242,0.9188755852419513
CH60_MOUSE,VGGTSDVEVNEK,2,20,0.19472,0.978934,0.16192259226755928,0.90206140040047
CH60_MOUSE,TVIIEQSWGSPK,2,21,0.16229,0.954795,0.13531354930213357,0.9652248803599696
CH60_MOUSE,GYISPYFINTSK,2,15,0.11847,0.911091,0.10334581527659284,0.8904296223288712
CH60_MOUSE,TLNDELEIIEGMK,2,22,0.20565,0.97876,0.16822137510822663,0.9012806304274443
CH60_MOUSE,TLNDELEIIEGMK,3,22,0.16191,0.976464,0.13957387735783075,0.9429845987687772
CH60_MOUSE,GVMLAVDAVIAELKK,3,25,0.17169,0.895168,0.14494377633529215,0.9357036495495735
CH60_MOUSE,GVmLAVDAVIAELKK,3,25,0.1592,0.906131,0.13562546607532144,0.8804953506216467
CH60_MOUSE,cEFQDAYVLLSEK,2,25,0.15933,0.971099,0.15572008777271573,0.9401213004517021
CH60_MOUSE,VGEVIVTKDDAMLLK,2,20,0.19103,0.972213,0.15860375124136028,0.9014586688365874
CH60_MOUSE,cIPALDSLKPANEDQK,2,34,0.14907,0.935653,0.15585363645878772,0.9345685594276465
CH60_MOUSE,ISSVQSIVPALEIANAHR,3,43,0.12335,0.970923,0.13183437923555263,0.9329018569127617
CH60_MOUSE,KISSVQSIVPALEIANAHR,3,43,0.14671,0.970285,0.14628414374740606,0.9236699474459227
CH60_MOUSE,KISSVQSIVPALEIANAHR,2,43,0.13591,0.945144,0.14189453246137038,0.9059700540194167
CH60_MOUSE,KISSVQSIVPALEIANAHR,4,43,0.12404,0.979491,0.13241690820586755,0.9288823532012263
CH60_MOUSE,ALmLQGVDLLADAVAVTmGPK,2,37,0.08767,0.824735,0.10429007250015845,0.8785271635745313
CH60_MOUSE,LVQDVANNTNEEAGDGTTTATVLAR,2,48,0.12748,0.974979,0.14100864045147,0.950951056921173
CH60_MOUSE,LVQDVANNTNEEAGDGTTTATVLAR,3,48,0.12304,0.992112,0.1381760008664546,0.9516935827978861
CH60_MOUSE,QSKPVTTPEEIAQVATISANGDKDIGNIISDAMK,4,67,0.12555,0.916406,0.1855689617436519,0.9459500065732026
CH60_MOUSE,ISSVQSIVPALEIANAHR,2,43,0.13918,0.989822,0.14429360430481575,0.9340344530082367
CH60_MOUSE,VGEVIVTKDDAMLLK,3,20,0.21383,0.914555,0.17195351157867445,0.8934422611240544
CH60_MOUSE,IGIEIIKR,2,13,0.09264,0.810186,0.09534547503664031,0.8988336388677507
FAS_MOUSE,TGTVALEVR,2,15,0.82795,0.864827,0.4988350694094818,0.8938265630142499
FAS_MOUSE,AVAHILGIR,2,19,0.39635,0.925555,0.287872999235825,0.9772490448059484
FAS_MOUSE,VLEALLPLK,2,14,0.58162,0.900122,0.35921949683087917,0.9429836464093161
FAS_MOUSE,EAVLAAYWR,2,21,0.86063,0.913163,0.6101415810572457,0.8615349440624248
FAS_MOUSE,HDLVMNVYR,2,13,0.77235,0.807692,0.5011943257772739,0.8056009254866763
FAS_MOUSE,LGMLSPDGTcR,2,18,0.5046,0.870017,0.39215864413800844,0.9462673293244526
FAS_MOUSE,VSDLLLSTDER,2,18,0.36067,0.905405,0.2792982868334304,0.8859256301404369
FAS_MOUSE,FDASFFGVHPK,2,18,0.94169,0.909538,0.48290941880674293,0.9177132699377548
FAS_MOUSE,VGDPQELNGITR,2,24,1.7961,0.857342,0.5514515633988987,0.8099656198465411
FAS_MOUSE,DcMLGMEFSGR,2,20,0.31334,0.928533,0.27030524424326213,0.8634436264282198
FAS_MOUSE,SFYGTALFLcR,2,16,1.01715,0.923789,0.48606721463812286,0.8109030336649743
FAS_MOUSE,GVDLVLNSLAEEK,2,23,0.77756,0.890354,0.5316226191134424,0.7797498103047368
FAS_MOUSE,LDPGSPELQQVLK,2,26,0.5495,0.894114,0.4932660235087433,0.7670189316969661
FAS_MOUSE,TLEAVQDLLEQGR,2,29,0.83564,0.847312,0.5235084899513759,0.7359983528122838
FAS_MOUSE,FPQLDDTSFANSR,2,26,0.49405,0.946517,0.35723695763633595,0.9602143217156518
FAS_MOUSE,VAEVLAGEGHLYSR,3,31,0.66091,0.923173,0.4720448371069477,0.914002065299511
FAS_MOUSE,AcVDTALENLSTLK,3,23,1.26081,0.873901,0.6016451089310695,0.8617465642723922
FAS_MOUSE,AcVDTALENLSTLK,2,23,0.60851,0.922704,0.47403499925733833,0.8709434216326489
FAS_MOUSE,LKEDTQVADVTTSR,2,24,0.97271,0.83006,0.5457524428993702,0.7627398395946381
FAS_MOUSE,VYATILNAGTNTDGSK,2,24,0.64356,0.878845,0.4525952614961158,0.7904496661552342
FAS_MOUSE,cILLSNLSNTSHAPK,3,26,0.36222,0.816992,0.22786444126434235,0.937041956195009
FAS_MOUSE,cILLSNLSNTSHAPK,2,26,0.2749,0.841887,0.23557912261795672,0.9340208317328479
FAS_MOUSE,DTSFEQHVLLHTGGK,3,25,0.78395,0.844559,0.7756988447199625,0.6330318133970425
FAS_MOUSE,DTSFEQHVLLHTGGK,2,25,0.71961,0.921242,0.5132074933677722,0.8663622902776081
FAS_MOUSE,SNMGHPEPASGLAALTK,3,38,0.57162,0.928659,0.4660490173815479,0.9161435539692494
FAS_MOUSE,AAMLGQEDPPQHGLPR,3,42,0.77099,0.900403,0.5808201687053463,0.8562781170227656
FAS_MOUSE,AAMLGQEDPPQHGLPR,2,42,0.45969,0.854497,0.4686676867157982,0.9099223776784333
FAS_MOUSE,DPETLLGYSMVGcQR,2,27,0.99154,0.914089,0.7026101439262772,0.7269208457915983
FAS_MOUSE,RVYATILNAGTNTDGSK,2,27,0.60423,0.942865,0.310999363215471,0.8524064133414051
FAS_MOUSE,GNAGQTNYGFANSTMER,2,36,0.46145,0.952703,0.38399904542565694,0.8810671591450145
FAS_MOUSE,GNAGQTNYGFANSTmER,2,36,1.08508,0.953401,0.6402394342071552,0.6968734490055154
FAS_MOUSE,WLSTSIPEAQWQSSLAR,2,38,0.49627,0.941906,0.42020204636745323,0.8615661564018583
FAS_MOUSE,LLLPEDPLISGLLNSQALK,3,33,0.65915,0.933163,0.49279049964809835,0.8002094284454252
FAS_MOUSE,LLLPEDPLISGLLNSQALK,2,33,0.64805,0.933715,0.48821964831247994,0.8161261620193079
FAS_MOUSE,DAHLPPGSMAAVGLSWEEcK,2,44,0.30699,0.900232,0.320375218932085,0.9400443908702234
FAS_MOUSE,MTPGcEAEAEAEALcFFIK,3,43,0.52005,0.930816,0.5608000619850176,0.6195941658061621
FAS_MOUSE,MTPGcEAEAEAEALcFFIK,2,43,0.59284,0.923686,0.6139532546198022,0.6291456699817204
FAS_MOUSE,EEEPEAVLPGAQPTLISAISK,2,51,0.51665,0.947702,0.4792171998228661,0.829551696742366
FAS_MOUSE,DAMLENQTPELFQDVNKPK,2,37,0.58897,0.952689,0.4636713940067798,0.8228426668280989
FAS_MOUSE,DAMLENQTPELFQDVNKPK,3,37,0.48862,0.931834,0.440578962173277,0.7400847634740662
FAS_MOUSE,TGGTYGEDLGADYNLSQVcDGK,2,37,0.70223,0.908437,0.5822235424662694,0.6654911418819404
FAS_MOUSE,FVFTPHMEAEcLSESTALQK,3,40,0.72596,0.917911,0.5855211349481221,0.7476140971708056
FAS_MOUSE,FVFTPHMEAEcLSESTALQK,2,40,0.69604,0.927105,0.573612590025708,0.7876065703961276
FAS_MOUSE,FVFTPHmEAEcLSESTALQK,2,40,0.23315,0.986054,0.24187288214267974,0.8087595513707919
FAS_MOUSE,GYDYGPQFQGIcEATLEGEQGK,2,47,0.47504,0.959174,0.46857872375077686,0.7435005565635715
FAS_MOUSE,VHLTGINVNPNALFPPVEFPAPR,3,43,0.38857,0.946295,0.3590466546887902,0.9015429016245834
FAS_MOUSE,VHLTGINVNPNALFPPVEFPAPR,2,43,0.36655,0.929369,0.33213824586464175,0.8807377425124584
FAS_MOUSE,GGNVGINSFGFGGSNVHVILQPNTR,3,43,0.36919,0.866936,0.35567182867413216,0.918442951747476
FAS_MOUSE,GPSIALDTAcSSSLLALQNAYQAIR,2,56,0.38087,0.930407,0.4195568432776469,0.8827018869830403
FAS_MOUSE,SGEcPAALVGGINLLLKPNTSVQFMK,2,45,0.40746,0.895608,0.3909597865760116,0.8632344403749717
FAS_MOUSE,SGEcPAALVGGINLLLKPNTSVQFmK,3,45,0.29601,0.836399,0.2969763322414031,0.8267452585932649
FAS_MOUSE,SLGLSLEETPVVFENVSFHQATILPK,3,46,0.55632,0.877079,0.4586898738147479,0.9042714188010401
FAS_MOUSE,VLVQVREEEPEAVLPGAQPTLISAISK,3,60,0.51941,0.941214,0.4419802797670287,0.9050705081549398
FAS_MOUSE,STLATSSSQPVWLTAMDcPTSGVVGLVNcLR,3,51,0.45388,0.869079,0.48431890525278026,0.9322446191952218
FAS_MOUSE,VLLSLEHGVWAPNLHFHNPNPEIPALLDGR,4,58,0.39124,0.928387,0.42096631159837383,0.9102219072833836
FAS_MOUSE,cPAGVVPAcHNSEDTVTISGPQAAVNEFVEQLK,3,70,0.20347,0.979165,0.2876664959997763,0.9310132066010033
FAS_MOUSE,SNMGHPEPASGLAALTK,2,38,0.35321,0.817593,0.35726843051663376,0.9224576899484515
FAS_MOUSE,VTAIYIDPATHR,3,22,0.61181,0.874073,0.3923917304346828,0.841471143124301
FAS_MOUSE,RQQEQLVPTLEK,2,28,0.72125,0.928189,0.5302905439693175,0.8052144465495991
FAS_MOUSE,FDLSNNHPLGMAIFLK,3,24,0.54541,0.884912,0.6342123094032853,0.349832215133964
FAS_MOUSE,QAPAPTAHAALPHLLHASGR,5,54,0.38579,0.934385,0.40883975462398375,0.915595977458581
FAS_MOUSE,EQTAHAFVNVLTR,3,26,0.70195,0.814669,0.35208537104928894,-0.9860199304130806
FAS_MOUSE,LKEDTQVADVTTSR,3,24,0.90628,0.84042,0.5352465777023323,0.7309616209876992
